{
    "baseball pitch": {
        "start": 0.20958083832335328,
        "middle": 0.4491017964071856,
        "end": 0.8862275449101796
    },
    "baseball swing": {
        "start": 0.12138728323699421,
        "middle": 0.43352601156069365,
        "end": 0.9132947976878613
    },
    "golf swing": {
        "start": 0.8433734939759037,
        "middle": 0.3132530120481928,
        "end": 0.40963855421686746
    },
    "tennis forehand": {
        "start": 0.33121019108280253,
        "middle": 0.31210191082802546,
        "end": 0.8152866242038217
    }, 
    "tennis serve": {
        "start": 0.3602150537634409,
        "middle": 0.25806451612903225,
        "end": 0.946236559139785
    }
}