{
    "baseball pitch": {
        "start": 618.7625122070312,
        "middle": 698.7816772460938,
        "end": 518.6386108398438
    },
    "baseball swing": {
        "start": 577.0733032226562,
        "middle": 614.6109619140625,
        "end": 521.7279663085938
    },
    "golf swing": {
        "start": 329.6411437988281,
        "middle": 353.7599182128906,
        "end": 285.3653869628906
    },
    "tennis forehand": {
        "start": 770.8095703125,
        "middle": 783.819580078125,
        "end": 631.96826171875
    },
    "tennis serve": {
        "start": 669.94775390625,
        "middle": 718.6441650390625,
        "end": 552.9378662109375
    }
}