{
    "baseball pitch": {
        "start": 770.5089721679688,
        "middle": 607.7472534179688,
        "end": 518.8270874023438
    },
    "baseball swing": {
        "start": 788.8770141601562,
        "middle": 635.8181762695312,
        "end": 562.978515625
    },
    "golf swing": {
        "start": 849.7925415039062,
        "middle": 730.0050659179688,
        "end": 652.0048217773438
    },
    "tennis forehand": {
        "start": 1557.6820068359375,
        "middle": 1279.017822265625,
        "end": 1030.535400390625
    },
    "tennis serve": {
        "start": 896.934326171875,
        "middle": 782.693115234375,
        "end": 603.3424072265625
    }
}