{
    "baseball pitch": {
        "start": 0.9833333333333334,
        "middle": 0.7166666666666667,
        "end": 0.8833333333333334
    },
    "baseball swing": {
        "start": 1.0,
        "middle": 0.5666666666666667,
        "end": 0.95
    },
    "golf swing": {
        "start": 0.9666666666666666,
        "middle": 0.95,
        "end": 1.0
    },
    "tennis forehand": {
        "start": 0.9333333333333333,
        "middle": 0.7833333333333333,
        "end": 0.8166666666666667
    },
    "tennis serve": {
        "start": 0.95,
        "middle": 0.9166666666666666,
        "end": 0.9333333333333333
    }
}